<?xml version="1.0" encoding="UTF-8"?>
<!-- Created with TexturePacker http://www.codeandweb.com/texturepacker-->
<!-- $TexturePacker:SmartUpdate:13e402f11fdfee342df2eb17d095b896:1/1$ -->
<TextureAtlas imagePath="role_head.png">
    <SubTexture name="AFTERdragon" x="2" y="694" width="60" height="60"/>
    <SubTexture name="AS" x="436" y="623" width="60" height="60"/>
    <SubTexture name="BL" x="374" y="623" width="60" height="60"/>
    <SubTexture name="BLUEGOKU" x="312" y="623" width="60" height="60"/>
    <SubTexture name="CTZS" x="250" y="623" width="60" height="60"/>
    <SubTexture name="DCR" x="188" y="623" width="60" height="60"/>
    <SubTexture name="Damotwo" x="2" y="632" width="60" height="60"/>
    <!-- 添加Doge -->
    <SubTexture name="doge"  x="312" y="684" width="60" height="60"/>
    <SubTexture name="Es" x="64" y="624" width="60" height="60"/>
    <SubTexture name="GFN" x="126" y="623" width="60" height="60"/>
    <SubTexture name="Gudazi" x="436" y="561" width="60" height="60"/>
    <SubTexture name="HML" x="374" y="561" width="60" height="60"/>
    <SubTexture name="HTZR" x="312" y="561" width="60" height="60"/>
    <SubTexture name="HZ" x="250" y="561" width="60" height="60"/>
    <SubTexture name="Hibiki" x="188" y="561" width="60" height="60"/>
    <SubTexture name="JIN" x="122" y="747" width="60" height="58" frameX="0" frameY="-2" frameWidth="60" frameHeight="60"/>
    <SubTexture name="JS" x="2" y="570" width="60" height="60"/>
    <SubTexture name="KKR" x="64" y="562" width="60" height="60"/>
    <SubTexture name="KW" x="126" y="561" width="60" height="60"/>
    <SubTexture name="Kaixa" x="436" y="499" width="60" height="60"/>
    <SubTexture name="LX" x="374" y="499" width="60" height="60"/>
    <SubTexture name="LXF" x="312" y="499" width="60" height="60"/>
    <SubTexture name="MH" x="250" y="499" width="60" height="60"/>
    <SubTexture name="Marisa" x="188" y="499" width="60" height="60"/>
    <SubTexture name="Naruto" x="2" y="508" width="60" height="60"/>
    <SubTexture name="Nine" x="64" y="500" width="60" height="60"/>
    <SubTexture name="RG" x="126" y="499" width="60" height="60"/>
    <SubTexture name="Ruby" x="436" y="437" width="60" height="60"/>
    <SubTexture name="Ruler" x="374" y="437" width="60" height="60"/>
    <SubTexture name="SLK" x="312" y="437" width="60" height="60"/>
    <SubTexture name="SUN" x="64" y="817" width="60" height="59"/>
    <SubTexture name="TOF" x="250" y="437" width="60" height="60"/>
    <SubTexture name="Twelve.jpeg" x="2" y="940" width="60" height="59"/>
    <SubTexture name="XC" x="188" y="437" width="60" height="60"/>
    <SubTexture name="YL" x="2" y="446" width="60" height="60"/>
    <SubTexture name="YXL" x="64" y="438" width="60" height="60"/>
    <SubTexture name="anheimolong" x="126" y="437" width="60" height="60"/>
    <SubTexture name="anotherJX" x="436" y="375" width="60" height="60"/>
    <SubTexture name="anyou" x="374" y="375" width="60" height="60"/>
    <SubTexture name="axiuluo" x="312" y="375" width="60" height="60"/>
    <SubTexture name="baihuzi.jpeg" x="250" y="375" width="60" height="60"/>
    <SubTexture name="baijin" x="188" y="375" width="60" height="60"/>
    <SubTexture name="baimian.jpeg" x="2" y="384" width="60" height="60"/>
    <SubTexture name="bingjieshi.jpeg" x="74" y="65" width="60" height="61"/>
    <SubTexture name="buluoli.jpeg" x="64" y="376" width="60" height="60"/>
    <SubTexture name="cike.jpeg" x="446" y="2" width="60" height="61"/>
    <SubTexture name="dongshilang" x="2" y="879" width="60" height="59"/>
    <SubTexture name="erqiao" x="126" y="375" width="60" height="60"/>
    <SubTexture name="fls" x="436" y="313" width="60" height="60"/>
    <SubTexture name="frame" x="2" y="2" width="70" height="70" frameX="-2" frameY="-2" frameWidth="74" frameHeight="74"/>
    <SubTexture name="guijianshi.jpeg" x="374" y="313" width="60" height="60"/>
    <SubTexture name="hchq.jpeg" x="312" y="313" width="60" height="60"/>
    <SubTexture name="heianwushi" x="250" y="313" width="60" height="60"/>
    <SubTexture name="heimian" x="188" y="313" width="60" height="60"/>
    <SubTexture name="hfh.jpeg" x="2" y="322" width="60" height="60"/>
    <!-- 添加火元素 -->
    <SubTexture name="hongguaiwu"  x="188" y="684" width="60" height="60"/>
    <!-- 添加滑稽 -->
    <SubTexture name="huaji"  x="250" y="684" width="60" height="60"/>
    <SubTexture name="huolongaisi" x="64" y="314" width="60" height="60"/>
    <SubTexture name="hzluo" x="126" y="313" width="60" height="60"/>
    <SubTexture name="jianhun" x="436" y="251" width="60" height="60"/>
    <SubTexture name="jianxin" x="374" y="251" width="60" height="60"/>
    <SubTexture name="jiaojiao" x="312" y="251" width="60" height="60"/>
    <SubTexture name="kawendixu" x="250" y="251" width="60" height="60"/>
    <SubTexture name="lanquan.jpeg" x="188" y="251" width="60" height="60"/>
    <SubTexture name="lufei" x="2" y="260" width="60" height="60"/>
    <SubTexture name="lvbu" x="64" y="252" width="60" height="60"/>
    <SubTexture name="manyou" x="126" y="251" width="60" height="60"/>
    <SubTexture name="mayi" x="436" y="189" width="60" height="60"/>
    <SubTexture name="meihong" x="64" y="686" width="60" height="59"/>
    <SubTexture name="mixieer" x="374" y="189" width="60" height="60"/>
    <SubTexture name="naci" x="312" y="189" width="60" height="60"/>
    <SubTexture name="none" x="250" y="189" width="60" height="60"/>
    <SubTexture name="paojie" x="188" y="189" width="60" height="60"/>
    <SubTexture name="penhuolong" x="2" y="198" width="60" height="60"/>
    <SubTexture name="qiyu" x="384" y="2" width="60" height="61"/>
    <!-- 添加灵梦 -->
    <SubTexture name="Ruimu"  x="436" y="684" width="60" height="60"/>
    <SubTexture name="saber" x="64" y="190" width="60" height="60"/>
    <SubTexture name="shalu" x="126" y="189" width="60" height="60"/>
    <SubTexture name="shanzhi.jpeg" x="322" y="2" width="60" height="61"/>
    <SubTexture name="shengzhidashu" x="260" y="2" width="60" height="61"/>
    <SubTexture name="shenzi" x="446" y="127" width="60" height="60"/>
    <SubTexture name="shourenjialulu" x="60" y="756" width="60" height="59"/>
    <SubTexture name="suolong.jpeg" x="384" y="127" width="60" height="60"/>
    <SubTexture name="telankesi.jpeg" x="322" y="127" width="60" height="60"/>
    <!-- 添加汤姆 -->
    <SubTexture name="Tom"  x="374" y="684" width="60" height="60"/>
    <SubTexture name="tongrendandao" x="2" y="818" width="60" height="59"/>
    <SubTexture name="wbbd" x="260" y="127" width="60" height="60"/>
    <SubTexture name="weizhi" x="198" y="127" width="60" height="60"/>
    <SubTexture name="wukong" x="198" y="2" width="60" height="61"/>
    <SubTexture name="xiaoguai1.jpeg" x="2" y="136" width="60" height="60"/>
    <SubTexture name="xiaoli" x="2" y="756" width="56" height="60" frameX="-4" frameY="0" frameWidth="60" frameHeight="60"/>
    <SubTexture name="xiaolin" x="64" y="128" width="60" height="60"/>
    <SubTexture name="xiaomeiyan" x="136" y="127" width="60" height="60"/>
    <SubTexture name="yasina" x="136" y="2" width="60" height="61"/>
    <SubTexture name="yihushi" x="446" y="65" width="60" height="60"/>
    <SubTexture name="yingwuzhe.jpeg" x="384" y="65" width="60" height="60"/>
    <SubTexture name="yumingfangshoushi" x="74" y="2" width="60" height="61"/>
    <SubTexture name="yuzhiboyou" x="322" y="65" width="60" height="60"/>
    <SubTexture name="zhaomei" x="260" y="65" width="60" height="60"/>
    <SubTexture name="zhixubaimian" x="198" y="65" width="60" height="60"/>
    <!-- 添加志志雄真实（纹4） -->
    <SubTexture name="zhizhixiong" x="2" y="74" width="60" height="60"/>
    <SubTexture name="zhouzuo" x="136" y="65" width="60" height="60"/>
    <SubTexture name="zzx" x="2" y="74" width="60" height="60"/>
</TextureAtlas>
